id,faculty_id/id,link_type,program_id/id,external_ies_name,external_program_name,external_snpg_code,faculty_category,weekly_hours
link_fac_xyzq_01_prog_xyzq_cc,fac_xyzq_01,internal,prog_xyzq_cc,,,,permanent,20
link_fac_xyzq_02_prog_xyzq_cc,fac_xyzq_02,internal,prog_xyzq_cc,,,,permanent,20
link_fac_xyzq_03_prog_xyzq_cc,fac_xyzq_03,internal,prog_xyzq_cc,,,,permanent,20
link_fac_xyzq_04_prog_xyzq_cc,fac_xyzq_04,internal,prog_xyzq_cc,,,,permanent,20
link_fac_xyzq_05_prog_xyzq_cc,fac_xyzq_05,internal,prog_xyzq_cc,,,,permanent,20
link_fac_xyzq_06_prog_xyzq_cc,fac_xyzq_06,internal,prog_xyzq_cc,,,,permanent,20
link_fac_xyzq_07_prog_xyzq_cc,fac_xyzq_07,internal,prog_xyzq_cc,,,,collaborator,8
link_fac_xyzq_08_prog_xyzq_cc,fac_xyzq_08,internal,prog_xyzq_cc,,,,permanent,20
link_fac_xyzq_09_prog_xyzq_cc,fac_xyzq_09,internal,prog_xyzq_cc,,,,permanent,20
link_fac_xyzq_10_prog_xyzq_cc,fac_xyzq_10,internal,prog_xyzq_cc,,,,permanent,20
link_fac_xyzq_11_prog_xyzq_cc,fac_xyzq_11,internal,prog_xyzq_cc,,,,permanent,20
link_fac_xyzq_12_prog_xyzq_cc,fac_xyzq_12,internal,prog_xyzq_cc,,,,permanent,20
link_fac_xyzq_13_prog_xyzq_cc,fac_xyzq_13,internal,prog_xyzq_cc,,,,permanent,20
link_fac_xyzq_07_prog_xyzq_fis,fac_xyzq_07,internal,prog_xyzq_fis,,,,permanent,20
link_fac_xyzq_08_prog_xyzq_fis,fac_xyzq_08,internal,prog_xyzq_fis,,,,permanent,20
link_fac_xyzq_09_prog_xyzq_fis,fac_xyzq_09,internal,prog_xyzq_fis,,,,permanent,20
link_fac_xyzq_10_prog_xyzq_fis,fac_xyzq_10,internal,prog_xyzq_fis,,,,permanent,20
link_fac_xyzq_11_prog_xyzq_fis,fac_xyzq_11,internal,prog_xyzq_fis,,,,permanent,20
link_fac_xyzq_12_prog_xyzq_fis,fac_xyzq_12,internal,prog_xyzq_fis,,,,permanent,20
link_fac_xyzq_13_prog_xyzq_fis,fac_xyzq_13,internal,prog_xyzq_fis,,,,collaborator,8
link_fac_xyzq_14_prog_xyzq_fis,fac_xyzq_14,internal,prog_xyzq_fis,,,,permanent,20
link_fac_xyzq_15_prog_xyzq_fis,fac_xyzq_15,internal,prog_xyzq_fis,,,,permanent,20
link_fac_xyzq_16_prog_xyzq_fis,fac_xyzq_16,internal,prog_xyzq_fis,,,,permanent,20
link_fac_xyzq_17_prog_xyzq_fis,fac_xyzq_17,internal,prog_xyzq_fis,,,,permanent,20
link_fac_xyzq_18_prog_xyzq_fis,fac_xyzq_18,internal,prog_xyzq_fis,,,,permanent,20
link_fac_xyzq_19_prog_xyzq_fis,fac_xyzq_19,internal,prog_xyzq_fis,,,,permanent,20
link_fac_xyzq_13_prog_xyzq_bio,fac_xyzq_13,internal,prog_xyzq_bio,,,,permanent,20
link_fac_xyzq_14_prog_xyzq_bio,fac_xyzq_14,internal,prog_xyzq_bio,,,,permanent,20
link_fac_xyzq_15_prog_xyzq_bio,fac_xyzq_15,internal,prog_xyzq_bio,,,,permanent,20
link_fac_xyzq_16_prog_xyzq_bio,fac_xyzq_16,internal,prog_xyzq_bio,,,,permanent,20
link_fac_xyzq_17_prog_xyzq_bio,fac_xyzq_17,internal,prog_xyzq_bio,,,,permanent,20
link_fac_xyzq_18_prog_xyzq_bio,fac_xyzq_18,internal,prog_xyzq_bio,,,,permanent,20
link_fac_xyzq_19_prog_xyzq_bio,fac_xyzq_19,internal,prog_xyzq_bio,,,,permanent,20
link_fac_xyzq_20_prog_xyzq_bio,fac_xyzq_20,internal,prog_xyzq_bio,,,,permanent,20
link_fac_xyzq_21_prog_xyzq_bio,fac_xyzq_21,internal,prog_xyzq_bio,,,,permanent,20
link_fac_xyzq_22_prog_xyzq_bio,fac_xyzq_22,internal,prog_xyzq_bio,,,,permanent,20
link_fac_xyzq_23_prog_xyzq_bio,fac_xyzq_23,internal,prog_xyzq_bio,,,,permanent,20
link_fac_xyzq_24_prog_xyzq_bio,fac_xyzq_24,internal,prog_xyzq_bio,,,,permanent,20
link_fac_xyzq_25_prog_xyzq_bio,fac_xyzq_25,internal,prog_xyzq_bio,,,,permanent,20
link_fac_xyzq_01_prog_xyzq_mpe,fac_xyzq_01,internal,prog_xyzq_mpe,,,,collaborator,8
link_fac_xyzq_02_prog_xyzq_mpe,fac_xyzq_02,internal,prog_xyzq_mpe,,,,permanent,20
link_fac_xyzq_03_prog_xyzq_mpe,fac_xyzq_03,internal,prog_xyzq_mpe,,,,permanent,20
link_fac_xyzq_04_prog_xyzq_mpe,fac_xyzq_04,internal,prog_xyzq_mpe,,,,permanent,20
link_fac_xyzq_05_prog_xyzq_mpe,fac_xyzq_05,internal,prog_xyzq_mpe,,,,permanent,20
link_fac_xyzq_08_prog_xyzq_mpe,fac_xyzq_08,internal,prog_xyzq_mpe,,,,permanent,20
link_fac_xyzq_09_prog_xyzq_mpe,fac_xyzq_09,internal,prog_xyzq_mpe,,,,permanent,20
link_fac_xyzq_10_prog_xyzq_mpe,fac_xyzq_10,internal,prog_xyzq_mpe,,,,permanent,20
link_fac_xyzq_20_prog_xyzq_mpe,fac_xyzq_20,internal,prog_xyzq_mpe,,,,permanent,20
link_fac_xyzq_21_prog_xyzq_mpe,fac_xyzq_21,internal,prog_xyzq_mpe,,,,permanent,20
link_fac_xyzq_22_prog_xyzq_mpe,fac_xyzq_22,internal,prog_xyzq_mpe,,,,permanent,20
link_fac_xyzq_23_prog_xyzq_mpe,fac_xyzq_23,internal,prog_xyzq_mpe,,,,permanent,20
link_fac_xyzq_24_prog_xyzq_mpe,fac_xyzq_24,internal,prog_xyzq_mpe,,,,permanent,20
link_ext_fac_xyzq_01_01,fac_xyzq_01,external,,Universidade de São Paulo - USP,Programa de Pós-Graduação em Ciência da Computação,33002010001P0,permanent,12
link_ext_fac_xyzq_02_02,fac_xyzq_02,external,,Universidade Estadual de Campinas - UNICAMP,Programa de Pós-Graduação em Engenharia de Computação,33003017001P9,collaborator,6
link_ext_fac_xyzq_07_03,fac_xyzq_07,external,,Universidade Estadual Paulista - UNESP,Programa de Pós-Graduação em Física Teórica e Aplicada,33004013005P4,permanent,10
link_ext_fac_xyzq_08_04,fac_xyzq_08,external,,Universidade de São Paulo - USP,Programa de Pós-Graduação em Física (IF-USP),33002010015P7,collaborator,8
link_ext_fac_xyzq_13_05,fac_xyzq_13,external,,Universidade de São Paulo - USP,Programa de Pós-Graduação em Biofísica Molecular (FMRP-USP),33002010040P3,permanent,10
link_ext_fac_xyzq_14_06,fac_xyzq_14,external,,Universidade Federal de São Paulo - UNIFESP,Programa de Pós-Graduação em Biologia Estrutural e Funcional,33009015020P8,collaborator,6
link_ext_fac_xyzq_20_07,fac_xyzq_20,external,,Universidade Federal do ABC - UFABC,Programa de Pós-Graduação em Engenharia da Informação,35041010002P1,permanent,12
link_ext_fac_xyzq_21_08,fac_xyzq_21,external,,Instituto de Pesquisas Tecnológicas - IPT,Programa de Mestrado Profissional em Processos Industriais,33010013001P2,collaborator,8
